ceil.v,ceil,clk
cordic.v,CORDIC,clock
double_divider.v,double_divider,clk,rst
double_floor.v,double_floor,clk
double_le.v,double_le,clk
double_max.v,double_max,clk
double_multiplier.v,double_multiplier,clk,rst
double_sqrt.v,double_sqrt,clk
dwtden.v,dwtden,clk,reset
gt.v,gt,clk
GTEFastDiv.v,GTEFastDiv
ica.v,ica,clk,reset
int_to_double.v,int_to_double,clk
ocs_blitter.v,ocs_blitter,CLK_I,reset_n
pca.v,pca,clk,reset
PIC16C5x.v,PIC16C5x,clk
rc_sinc.v,rc_sinc,clk,reset
zuc_core.v,zuc_core,i_clk,i_rst
wbqspiflash.v,wbqspiflash,i_clk
