3des.v,des3
8b10b_dec.v,decoder
aes_encipher_block.v,aes_encipher_block
approx_mul.v,mult_bth_app_signed
axi_fifo.v,axi_fifo
cordic.v,cordic
cpu32.v,rv32_CPU_v2
crc_gen.v,crc_gen
dct.v,dct
des.v,cbcdes
ecg.v,point_scalar_mult
ecg.v,point_add
fastfir.v,fastfir
fpu.v,fpu
genericfir.v,genericfir
ldpc.v,ldpc
md5.v,md5
picorv32c.v,picorv32c
picorv32.v,picorv32
picorv32a.v,picorv32a
PPU.v,PPU
qspi.v,qspi_mem_controller
rv32cpu.v,CPU
salsa20.v,salsa20
sha3.v,sha3
sha512_h_constants.v,sha512_h_constants
sha512_trng.v,sha512
sub86.v,sub86
tea.v,TEA
tiny_aes.v,aes_128
trng_mixer.v,trng_mixer
xtea.v,xtea
y_dct.v,y_dct
y_huff.v,y_huff
y_quantizer.v,y_quantizer
yd_q_h.v,yd_q_h
aes128.v,aes128
aes192.v,aes192
huffmancoding.v	huffman_coding
cpu6502.v,cpu6502
tv80.v,tv80
